{
  "fa": [
    {
      "title": "ICDL",
      "url": "https://www.daneshjooyar.com/cf/CfDe34ghrK/"
    },
    {
      "title": "HTML & CSS",
      "url": "https://www.daneshjooyar.com/cf/7FqBatMHkA/"
    },
    {
      "title": "JavaScript",
      "url": "https://www.daneshjooyar.com/cf/YABNDJmvo8/"
    },
    {
      "title": "Bootstrap 5",
      "url": "https://www.daneshjooyar.com/cf/xrZqeMiKc5/"
    },
    {
      "title": "Figma",
      "url": "https://www.daneshjooyar.com/cf/CrPLHdQ4Tb/"
    }
  ],
  "en": [
    {
      "title": "ICDL",
      "url": "https://www.daneshjooyar.com/cf/PBf8SU1dEe/"
    },
    {
      "title": "HTML & CSS",
      "url": "https://www.daneshjooyar.com/cf/bDq8J7Wi9M/"
    },
    {
      "title": "JavaScript",
      "url": "https://www.daneshjooyar.com/cf/inU1LjgqWM/"
    },
    {
      "title": "Bootstrap 5",
      "url": "https://www.daneshjooyar.com/cf/zUlePVnp82/"
    },
    {
      "title": "Figma Learning",
      "url": "https://www.daneshjooyar.com/cf/5YPmUVX42g/"
    }
  ]
}